Workbook

Sheet Léame
B2: Modelo de datos BowTie — Guía rápida
B4: Esta plantilla alimenta una herramienta de visualización de BowTie. Cada hoja es una tabla; las columnas 'ID_...' conectan las tablas entre sí (igual que una base de datos relacional).
B6: Hoja | C6: Qué contiene | D6: Se conecta con
B7: Eventos_Tope | C7: El evento central del BowTie (el 'nudo'). Incluye el campo Peligro: categoría general de riesgo mostrada arriba del evento (ej. 'Transporte de gas natural'). | D7: —
B8: Amenazas | C8: Causas que pueden llevar al evento tope (lado izquierdo). | D8: ID_Evento → Eventos_Tope
B9: Consecuencias | C9: Impactos posibles si ocurre el evento tope (lado derecho). | D9: ID_Evento → Eventos_Tope
B10: Barreras_Preventivas | C10: Barreras entre una Amenaza y el Evento Tope. | D10: ID_Amenaza → Amenazas
B11: Barreras_Mitigadoras | C11: Barreras entre el Evento Tope y una Consecuencia. | D11: ID_Consecuencia → Consecuencias
B12: Factores_Escalamiento | C12: Lo que puede hacer fallar a una barrera. | D12: ID_Barrera → cualquier barrera (Prev. o Mitig.)
B13: Controles_Escalamiento | C13: Barreras de esos factores de escalamiento. | D13: ID_Factor → Factores_Escalamiento
B14: Listas | C14: Catálogos para los menús desplegables. | D14: Usada por validaciones de datos en todas las hojas
B15: Resumen_Riesgo | C15: Indicadores y semáforos calculados automáticamente. | D15: Lee todas las hojas anteriores
B18: Cómo llenar:
B19: 1) Crea primero tus Eventos_Tope. 2) Agrega Amenazas y Consecuencias apuntando al ID del evento. 3) Agrega Barreras apuntando al ID de la amenaza o consecuencia correspondiente. 4) No editar las fórmulas o encabezados.

Sheet Casos_De_Prueba
B2: Casos de prueba incluidos en este Excel
B4: Esta hoja es solo de referencia (la herramienta no la lee). Lista los IDs de prueba agregados a propósito para ejercitar validaciones y casos límite del visualizador.
B6: # | C6: ID(s) de prueba | D6: Qué funcionalidad ejercita
B7: 1 | C7: BP-002 (3 factores: FE-001, FE-011, FE-012) | D7: Una misma barrera con MÚLTIPLES factores de escalamiento — probar que el tooltip/panel de detalle los liste todos, no solo el primero.
B8: 2 | C8: BM-001 (2 factores: FE-008, FE-013) | D8: Barrera MITIGADORA con más de un factor de escalamiento (no solo preventivas).
B9: 3 | C9: FE-002 (2 controles: CE-002, CE-011) | D9: Un mismo factor de escalamiento con MÁS DE UN control — probar que el detalle los muestre todos.
B10: 4 | C10: FE-014 (sin ningún control asociado) | D10: Factor de escalamiento SIN controles definidos — probar que la app lo muestre igual (como 'sin control mitigante'), sin romper.
B11: 5 | C11: AM-012 (sin barreras) | D11: Amenaza SIN ninguna barrera preventiva — debe verse como línea directa/punteada al evento tope, contada en el KPI 'sin barrera'.
B12: 6 | C12: CO-006 (sin barreras) | D12: Consecuencia SIN ninguna barrera mitigadora — mismo caso anterior, pero del lado derecho del BowTie.
B13: 7 | C13: BP-900 -> AM-999 (FK huérfana) | D13: ID_Amenaza que NO existe en la hoja Amenazas — debe omitirse con advertencia visible, sin bloquear el resto de la carga.
B14: 8 | C14: BP-001 duplicado (2da fila con el mismo ID) | D14: ID_Barrera repetido — probar que el validador detecte el duplicado y lo reporte (no que sobrescriba en silencio).
B15: 9 | C15: CO-007 (Severidad = 7) | D15: Valor fuera de rango (Severidad debe ser 1-5) — probar que el validador lo detecte y lo reporte.
B16: 10 | C16: BP-901 (Nombre_Barrera vacío) | D16: Campo obligatorio vacío — probar que el validador lo detecte como incompleto.
B17: 11 | C17: AM-013 (nombre de ~190 caracteres) | D17: Texto muy largo en el nombre — probar ajuste de fuente/wrap sin romper el layout.
B18: 12 | C18: FE-015 (Hoja_Barrera = 'Hoja_Invalida_De_Prueba') | D18: Valor fuera del catálogo permitido en Hoja_Barrera — probar que el validador lo reporte y no rompa el resto.

Sheet Eventos_Tope
A1: ID_Evento | B1: Nombre_Evento | C1: Peligro | D1: Descripcion | E1: Proceso_Area | F1: Responsable | G1: Fecha_Actualizacion
A2: ET-001 | B2: Pérdida de contención de gas natural a alta presión | C2: Gas natural | D2: Fuga o liberación no controlada de gas natural a alta presión en el sistema de compresión | E2: Estación de Compresión de Gas Natural | F2: Jefe de Estación | G2: 2026-09-20

Sheet Amenazas
A1: ID_Amenaza | B1: ID_Evento | C1: Nombre_Amenaza | D1: Categoria | E1: Descripcion
A2: AM-001 | B2: ET-001 | C2: Falla mecánica del sello del compresor | D2: Mecánica | E2: Desgaste o falla del sello seco (dry gas seal) del compresor centrífugo
A3: AM-002 | B3: ET-001 | C3: Corrosión interna en tubería de succión/descarga | D3: Mecánica | E3: Pérdida de espesor por corrosión interna en líneas de proceso de alta presión
A4: AM-003 | B4: ET-001 | C4: Sobrepresión por falla de válvula de control | D4: Proceso | E4: La válvula de control de presión no responde y permite sobrepresión aguas abajo
A5: AM-004 | B5: ET-001 | C5: Fatiga de material en bridas y conexiones | D5: Mecánica | E5: Ciclos de vibración y presión generan fatiga en juntas bridadas
A6: AM-005 | B6: ET-001 | C6: Falla de junta o empaque en válvula de bloqueo | D6: Mecánica | E6: Deterioro del empaque permite fuga en el vástago de la válvula
A7: AM-006 | B7: ET-001 | C7: Impacto mecánico externo por excavación de terceros | D7: Externa | E7: Daño a tubería enterrada por trabajos de excavación no autorizados o mal coordinados
A8: AM-007 | B8: ET-001 | C8: Falla de instrumentación de presión | D8: Mecánica | E8: El transmisor de presión entrega una lectura errónea o deja de responder
A9: AM-008 | B9: ET-001 | C9: Error humano en maniobra de arranque o parada del compresor | D9: Humana | E9: El operador ejecuta una secuencia incorrecta durante el arranque o parada
A10: AM-009 | B10: ET-001 | C10: Vibración excesiva por desalineación del tren de compresión | D10: Mecánica | E10: Desalineación mecánica genera vibración por encima de los límites de diseño
A11: AM-010 | B11: ET-001 | C11: Falla del sistema de enfriamiento del gas | D11: Proceso | E11: Los aeroenfriadores no logran bajar la temperatura del gas a la salida del compresor
A12: AM-011 | B12: ET-001 | C12: Corrosión bajo aislamiento (CUI) en tubería aislada | D12: Mecánica | E12: Humedad atrapada bajo el aislamiento térmico acelera la corrosión externa de la tubería
... A14: AM-013 | B14: ET-001 | C14: Amenaza de prueba con un nombre deliberadamente muy largo para verificar que el diagrama ajuste el texto o lo trunque correctamente sin romper el layout ni desbordar la caja del nodo en el visualizador BowTie | D14: Proceso | E14: Nombre extenso para prueba de wrap de texto en el diagrama

Sheet Consecuencias
A1: ID_Consecuencia | B1: ID_Evento | C1: Nombre_Consecuencia | D1: Severidad_1a5 | E1: Categoria_Impacto | F1: Descripcion
A2: CO-001 | B2: ET-001 | C2: Incendio tipo jet fire | D2: 4 | E2: Personas | F2: Ignición de gas a alta presión liberado por una fuga puntual
A3: CO-002 | B3: ET-001 | C3: Explosión de nube de vapor no confinada (UVCE) | D3: 5 | E3: Personas | F3: Acumulación y posterior ignición de una nube de gas en área abierta
A4: CO-003 | B4: ET-001 | C4: Dispersión de nube de gas inflamable | D4: 3 | E4: Personas | F4: Nube de gas natural se dispersa hacia áreas ocupadas o límites de la estación
A5: CO-004 | B5: ET-001 | C5: Asfixia por desplazamiento de oxígeno en espacio confinado | D5: 3 | E5: Personas | F5: Acumulación de gas desplaza el oxígeno disponible en un espacio confinado
A6: CO-005 | B6: ET-001 | C6: Daño a equipos críticos y parada no programada de la estación | D6: 2 | E6: Activos | F6: El evento obliga a detener la compresión, afectando el suministro
A7: CO-006 | B7: ET-001 | C7: Contaminación ambiental por venteo no controlado de gas | D7: 3 | E7: Ambiente | F7: Liberación de gas natural a la atmósfera sin pasar por antorcha o sistema de recuperación
A8: CO-007 | B8: ET-001 | C8: Consecuencia de prueba con severidad inválida | D8: 7 | E8: Personas | F8: Severidad fuera del rango permitido (1 a 5), para probar la validación de rango

Sheet Barreras_Preventivas
A1: ID_Barrera | B1: ID_Amenaza | C1: Nombre_Barrera | D1: Tipo | E1: Criticidad | F1: Estado | G1: Ultima_Verificacion | H1: Responsable | I1: Semaforo
A2: BP-001 | B2: AM-001 | C2: Sistema de sello seco (dry gas seal) | D2: Activa | E2: Crítica | F2: Operativa | G2: 2026-08-20 | H2: Ingeniero de Confiabilidad | I2: =IF(F2="Fuera de servicio","ROJO",IF(F2="Degradada","AMARILLO","VERDE")) -> VERDE
A3: BP-002 | B3: AM-001 | C3: Monitoreo continuo de vibración y temperatura del sello | D3: Activa | E3: Crítica | F3: Degradada | G3: 2026-07-05 | H3: Ingeniero de Confiabilidad | I3: =IF(F3="Fuera de servicio","ROJO",IF(F3="Degradada","AMARILLO","VERDE")) -> AMARILLO
A4: BP-003 | B4: AM-001 | C4: Plan de mantenimiento predictivo del compresor | D4: Activa | E4: No crítica | F4: Operativa | G4: 2026-08-01 | H4: Mantenimiento | I4: =IF(F4="Fuera de servicio","ROJO",IF(F4="Degradada","AMARILLO","VERDE")) -> VERDE
A5: BP-004 | B5: AM-002 | C5: Inspección por ultrasonido periódica | D5: Activa | E5: Crítica | F5: Operativa | G5: 2026-08-10 | H5: Ingeniero de Confiabilidad | I5: =IF(F5="Fuera de servicio","ROJO",IF(F5="Degradada","AMARILLO","VERDE")) -> VERDE
A6: BP-005 | B6: AM-002 | C6: Programa de gestión de integridad de ductos | D6: Humana | E6: Crítica | F6: Degradada | G6: 2026-06-15 | H6: Ingeniería de Integridad | I6: =IF(F6="Fuera de servicio","ROJO",IF(F6="Degradada","AMARILLO","VERDE")) -> AMARILLO
A7: BP-006 | B7: AM-002 | C7: Inyección de inhibidor de corrosión | D7: Activa | E7: No crítica | F7: Operativa | G7: 2026-08-05 | H7: Operaciones | I7: =IF(F7="Fuera de servicio","ROJO",IF(F7="Degradada","AMARILLO","VERDE")) -> VERDE
A8: BP-007 | B8: AM-003 | C8: Válvula de alivio de presión (PSV) | D8: Pasiva | E8: Crítica | F8: Operativa | G8: 2026-07-30 | H8: Ingeniero de Confiabilidad | I8: =IF(F8="Fuera de servicio","ROJO",IF(F8="Degradada","AMARILLO","VERDE")) -> VERDE
A9: BP-008 | B9: AM-003 | C9: Sistema de paro de emergencia (ESD) por alta presión | D9: Activa | E9: Crítica | F9: Operativa | G9: 2026-08-12 | H9: Ingeniería de Control | I9: =IF(F9="Fuera de servicio","ROJO",IF(F9="Degradada","AMARILLO","VERDE")) -> VERDE
A10: BP-009 | B10: AM-003 | C10: Prueba funcional periódica de la PSV | D10: Humana | E10: Crítica | F10: Fuera de servicio | G10: 2026-03-01 | H10: Mantenimiento | I10: =IF(F10="Fuera de servicio","ROJO",IF(F10="Degradada","AMARILLO","VERDE")) -> ROJO
A11: BP-010 | B11: AM-004 | C11: Inspección de integridad mecánica basada en riesgo (RBI) | D11: Activa | E11: Crítica | F11: Operativa | G11: 2026-07-20 | H11: Ingeniería de Integridad | I11: =IF(F11="Fuera de servicio","ROJO",IF(F11="Degradada","AMARILLO","VERDE")) -> VERDE
A12: BP-011 | B12: AM-004 | C12: Control de torque en apriete de bridas | D12: Humana | E12: No crítica | F12: Operativa | G12: 2026-08-01 | H12: Mantenimiento | I12: =IF(F12="Fuera de servicio","ROJO",IF(F12="Degradada","AMARILLO","VERDE")) -> VERDE
A13: BP-012 | B13: AM-005 | C13: Programa de cambio periódico de empaques | D13: Activa | E13: No crítica | F13: Degradada | G13: 2026-06-10 | H13: Mantenimiento | I13: =IF(F13="Fuera de servicio","ROJO",IF(F13="Degradada","AMARILLO","VERDE")) -> AMARILLO
... A30: BP-001 | B30: AM-002 | C30: Barrera duplicada de prueba (mismo ID que BP-001 original) | D30: Humana | E30: Crítica | F30: Degradada | G30: 2026-09-01 | H30: Prueba QA | I30: =IF(F30="Fuera de servicio","ROJO",IF(F30="Degradada","AMARILLO","VERDE")) -> AMARILLO
A31: BP-901 | B31: AM-003 | D31: Activa | E31: Crítica | F31: Operativa | G31: 2026-09-01 | H31: Prueba QA | I31: =IF(F31="Fuera de servicio","ROJO",IF(F31="Degradada","AMARILLO","VERDE")) -> VERDE

Sheet Barreras_Mitigadoras
A1: ID_Barrera | B1: ID_Consecuencia | C1: Nombre_Barrera | D1: Tipo | E1: Criticidad | F1: Estado | G1: Ultima_Verificacion | H1: Responsable | I1: Semaforo
A2: BM-001 | B2: CO-001 | C2: Sistema de detección de fuego y gas (F&G) | D2: Activa | E2: Crítica | F2: Degradada | G2: 2026-06-18 | H2: Ingeniería de Control | I2: =IF(F2="Fuera de servicio","ROJO",IF(F2="Degradada","AMARILLO","VERDE")) -> AMARILLO
A3: BM-002 | B3: CO-001 | C3: Sistema de diluvio / aspersión de agua | D3: Activa | E3: Crítica | F3: Operativa | G3: 2026-08-01 | H3: HSE | I3: =IF(F3="Fuera de servicio","ROJO",IF(F3="Degradada","AMARILLO","VERDE")) -> VERDE
A4: BM-003 | B4: CO-001 | C4: Parada de emergencia (ESD) activada por F&G | D4: Activa | E4: Crítica | F4: Operativa | G4: 2026-08-12 | H4: Ingeniería de Control | I4: =IF(F4="Fuera de servicio","ROJO",IF(F4="Degradada","AMARILLO","VERDE")) -> VERDE
A5: BM-004 | B5: CO-001 | C5: Plan de respuesta a emergencias y brigada contraincendios | D5: Humana | E5: Crítica | F5: Degradada | G5: 2026-05-20 | H5: HSE | I5: =IF(F5="Fuera de servicio","ROJO",IF(F5="Degradada","AMARILLO","VERDE")) -> AMARILLO
A6: BM-005 | B6: CO-002 | C6: Diseño de área clasificada (equipos a prueba de explosión) | D6: Pasiva | E6: Crítica | F6: Operativa | G6: 2026-02-01 | H6: Ingeniería Eléctrica | I6: =IF(F6="Fuera de servicio","ROJO",IF(F6="Degradada","AMARILLO","VERDE")) -> VERDE
A7: BM-006 | B7: CO-002 | C7: Sistema de detección de gas con alarma temprana | D7: Activa | E7: Crítica | F7: Fuera de servicio | G7: 2026-01-20 | H7: Ingeniería de Control | I7: =IF(F7="Fuera de servicio","ROJO",IF(F7="Degradada","AMARILLO","VERDE")) -> ROJO
A8: BM-007 | B8: CO-002 | C8: Distancias de seguridad (layout) según código aplicable | D8: Pasiva | E8: No crítica | F8: Operativa | G8: 2025-11-01 | H8: Ingeniería | I8: =IF(F8="Fuera de servicio","ROJO",IF(F8="Degradada","AMARILLO","VERDE")) -> VERDE
A9: BM-008 | B9: CO-002 | C9: Plan de respuesta a emergencias | D9: Humana | E9: Crítica | F9: Degradada | G9: 2026-05-20 | H9: HSE | I9: =IF(F9="Fuera de servicio","ROJO",IF(F9="Degradada","AMARILLO","VERDE")) -> AMARILLO
A10: BM-009 | B10: CO-003 | C10: Sistema de detección de gas perimetral | D10: Activa | E10: Crítica | F10: Degradada | G10: 2026-06-05 | H10: Ingeniería de Control | I10: =IF(F10="Fuera de servicio","ROJO",IF(F10="Degradada","AMARILLO","VERDE")) -> AMARILLO
A11: BM-010 | B11: CO-003 | C11: Ventilación natural/forzada del área | D11: Pasiva | E11: No crítica | F11: Operativa | G11: 2026-04-10 | H11: Ingeniería | I11: =IF(F11="Fuera de servicio","ROJO",IF(F11="Degradada","AMARILLO","VERDE")) -> VERDE
A12: BM-011 | B12: CO-003 | C12: Plan de evacuación | D12: Humana | E12: Crítica | F12: Operativa | G12: 2026-07-01 | H12: HSE | I12: =IF(F12="Fuera de servicio","ROJO",IF(F12="Degradada","AMARILLO","VERDE")) -> VERDE
A13: BM-012 | B13: CO-004 | C13: Monitoreo de oxígeno en espacios confinados | D13: Activa | E13: Crítica | F13: Operativa | G13: 2026-08-01 | H13: HSE | I13: =IF(F13="Fuera de servicio","ROJO",IF(F13="Degradada","AMARILLO","VERDE")) -> VERDE
... A17: BM-016 | B17: CO-005 | C17: Disponibilidad de repuestos críticos en stock | D17: Pasiva | E17: No crítica | F17: Degradada | G17: 2026-05-01 | H17: Cadena de Suministro | I17: =IF(F17="Fuera de servicio","ROJO",IF(F17="Degradada","AMARILLO","VERDE")) -> AMARILLO

Sheet Factores_Escalamiento
A1: ID_Factor | B1: ID_Barrera | C1: Hoja_Barrera | D1: Nombre_Factor | E1: Descripcion
A2: FE-001 | B2: BP-002 | C2: Barreras_Preventivas | D2: Sensores de vibración con derivas de calibración | E2: Los sensores de monitoreo de vibración muestran desviaciones respecto al patrón de calibración
A3: FE-002 | B3: BP-005 | C3: Barreras_Preventivas | D3: Retraso en la actualización del plan de integridad de ductos | E3: El plan de gestión de integridad no se ha actualizado con los últimos resultados de inspección
A4: FE-003 | B4: BP-009 | C4: Barreras_Preventivas | D4: Prueba funcional de PSV vencida por acceso restringido al equipo | E4: La válvula no ha podido probarse por estar en línea sin ventana de parada disponible
A5: FE-004 | B5: BP-012 | C5: Barreras_Preventivas | D5: Desabastecimiento de empaques certificados | E5: El proveedor de empaques certificados presenta demoras en la entrega
A6: FE-005 | B6: BP-015 | C6: Barreras_Preventivas | D6: Terceros no reportan trabajos de excavación cercanos | E6: Contratistas externos realizan excavaciones sin coordinar con la estación
A7: FE-006 | B7: BP-018 | C7: Barreras_Preventivas | D7: Alta carga de trabajo del equipo de instrumentación | E7: El equipo de instrumentación tiene un backlog de calibraciones pendientes
A8: FE-007 | B8: BP-021 | C8: Barreras_Preventivas | D8: Rotación alta de operadores certificados | E8: Varios operadores certificados han sido reasignados a otras estaciones
A9: FE-008 | B9: BM-001 | C9: Barreras_Mitigadoras | D9: Falta de mantenimiento de detectores de fuego y gas | E9: Los detectores de F&G no han recibido mantenimiento preventivo en el último trimestre
A10: FE-009 | B10: BM-006 | C10: Barreras_Mitigadoras | D10: Sensores de detección de gas fuera de servicio por daño físico | E10: Varios sensores del perímetro fueron dañados y no han sido reemplazados
A11: FE-010 | B11: BM-016 | C11: Barreras_Mitigadoras | D11: Reducción del inventario de repuestos críticos por recorte presupuestal | E11: El stock mínimo de repuestos críticos fue reducido en la última revisión presupuestal
A12: FE-011 | B12: BP-002 | C12: Barreras_Preventivas | D12: Condiciones ambientales extremas de temperatura | E12: Temperaturas ambiente por encima de 40°C afectan la lectura de los sensores de vibración
... A16: FE-015 | B16: BP-005 | C16: Hoja_Invalida_De_Prueba | D16: Factor con hoja de barrera mal escrita | E16: Prueba de valor fuera de catálogo en Hoja_Barrera (debería ser Barreras_Preventivas o Barreras_Mitigadoras)

Sheet Controles_Escalamiento
A1: ID_Control | B1: ID_Factor | C1: Nombre_Control | D1: Efectividad_Pct | E1: Estado
A2: CE-001 | B2: FE-001 | C2: Plan de recalibración inmediata de sensores de vibración | D2: 70 | E2: Operativa
A3: CE-002 | B3: FE-002 | C3: Actualización trimestral obligatoria del plan de integridad | D3: 65 | E3: Degradada
A4: CE-003 | B4: FE-003 | C4: Programación de ventana de parada para prueba de PSV | D4: 40 | E4: Fuera de servicio
A5: CE-004 | B5: FE-004 | C5: Acuerdo de suministro prioritario con proveedor alterno | D5: 72 | E5: Operativa
A6: CE-005 | B6: FE-005 | C6: Reforzamiento de campaña de comunicación con terceros y autoridades locales | D6: 55 | E6: Degradada
A7: CE-006 | B7: FE-006 | C7: Contratación temporal de apoyo para calibraciones | D7: 68 | E7: Operativa
A8: CE-007 | B8: FE-007 | C8: Plan de retención y formación acelerada de nuevos operadores | D8: 50 | E8: Degradada
A9: CE-008 | B9: FE-008 | C9: Programa de mantenimiento correctivo urgente de detectores F&G | D9: 66 | E9: Operativa
A10: CE-009 | B10: FE-009 | C10: Reemplazo prioritario de sensores dañados del perímetro | D10: 35 | E10: Fuera de servicio
A11: CE-010 | B11: FE-010 | C11: Revisión y restitución del stock mínimo de repuestos críticos | D11: 45 | E11: Degradada
A12: CE-011 | B12: FE-002 | C12: Auditoría trimestral cruzada con datos de inspección de campo | D12: 58 | E12: Operativa

Sheet Resumen_Riesgo
B2: Resumen de Riesgo y Barreras
B4: Total Eventos Tope | E4: =COUNTA(Eventos_Tope!A2:A1000) -> 1
B5: Total Amenazas | E5: =COUNTA(Amenazas!A2:A1000) -> 13
B6: Total Consecuencias | E6: =COUNTA(Consecuencias!A2:A1000) -> 7
B7: Total Barreras Preventivas | E7: =COUNTA(Barreras_Preventivas!A2:A1000) -> 30
B8: Total Barreras Mitigadoras | E8: =COUNTA(Barreras_Mitigadoras!A2:A1000) -> 16
B10: Barreras Preventivas críticas degradadas o fuera de servicio | E10: =SUMPRODUCT((Barreras_Preventivas!$E$2:$E$1000="Crítica")*((Barreras_Preventivas!$F$2:$F$1000="Degradada")+(Barreras_Preventivas!$F$2:$F$1000="Fuera de servicio"))) -> 7
B11: Barreras Mitigadoras críticas degradadas o fuera de servicio | E11: =SUMPRODUCT((Barreras_Mitigadoras!$E$2:$E$1000="Crítica")*((Barreras_Mitigadoras!$F$2:$F$1000="Degradada")+(Barreras_Mitigadoras!$F$2:$F$1000="Fuera de servicio"))) -> 6
B12: Barreras Preventivas en ROJO (semáforo) | E12: =COUNTIF(Barreras_Preventivas!$I$2:$I$1000,"ROJO") -> 2
B13: Barreras Mitigadoras en ROJO (semáforo) | E13: =COUNTIF(Barreras_Mitigadoras!$I$2:$I$1000,"ROJO") -> 1

Sheet Listas
A1: Categoria_Amenaza | B1: Categoria_Impacto | C1: Severidad | D1: Tipo_Barrera | E1: Criticidad_Barrera | F1: Estado_Barrera
A2: Mecánica | B2: Personas | C2: 1 | D2: Activa | E2: Crítica | F2: Operativa
A3: Humana | B3: Ambiente | C3: 2 | D3: Pasiva | E3: No crítica | F3: Degradada
A4: Externa | B4: Activos | C4: 3 | D4: Humana | F4: Fuera de servicio
A5: Proceso | B5: Reputación | C5: 4
A6: Diseño | B6: Legal/Regulatorio | C6: 5
A7: Organizacional
